YEAR_MONTH,PASSENGERS CARRIED
2023 SEP,7858412.121769417
2023 OCT,7895522.252187865
2023 NOV,7932632.382606313
2023 DEC,7969742.51302476
2024 JAN,8006852.643443208
2024 FEB,8043962.773861656
2024 MAR,8081072.904280104
2024 APR,8118183.0346985515
2024 MAY,8155293.165116999
2024 JUN,8192403.295535447
2024 JUL,8229513.425953895
2024 AUG,8266623.556372343
